{
  "fecha_local": "2025-12-16",
  "equity_inicio_dia": 30.75682794,
  "equity_max_dia": 32.26736388
}